question,a,b,c,d,correct
Which term means 'to rely on for success'?,pin hopes on,tackle,counterintuitive,rebound,pin hopes on
What word describes a situation that is 'difficult to understand at first'?,mainstream,idealized,counterintuitive,retaliatory,counterintuitive
"If something 'goes wrong' unexpectedly, which word would you use?",postulate,go awry,stand above the crowd,rally,go awry
Which term is best described as 'a calculation or estimation'?,calculus,incur,rebound,subtlety,calculus
Which word means 'to use something unfairly for one's own advantage'?,exploit,prove useful,rebound,savvy,exploit
What term describes 'steady and unchanging dedication'?,idealized,coupled with,steadfastly,retaliatory,steadfastly
Which word means 'something that is very rare or has never happened before'?,unprecedented,mainstream,counterintuitive,subtlety,unprecedented
Which phrase is used when something turns out to be helpful?,stand above the crowd,incur,rebound,prove useful,prove useful
"If someone wishes to 'rely on a positive outcome', what phrase would they use?",pin hopes on,go awry,retaliatory,tackle,pin hopes on
What term refers to 'an unexpected recovery after a setback'?,mainstream,subtlety,rebound,postulate,rebound
Which word means 'a way to deal with a challenge directly'?,exploit,coupled with,subtlety,tackle,tackle
Which word describes an idea that is 'polished to perfection and not realistic'?,idealized,not bad,counterintuitive,subtlety,idealized
What term would best describe a hidden or indirect meaning?,subtlety,incur,rebound,retaliatory,subtlety
"If someone seeks to 'start a new course of action', which phrase would apply?",stand above the crowd,rally,set off,pin hopes on,set off
Which word best describes someone with practical knowledge?,savvy,postulate,rebound,mainstream,savvy
"If two things work well together, they are often described as?",subtlety,better suited,postulate,coupled with,coupled with
Which word is closest in meaning to 'beneficial or rewarding'?,subtlety,fruitful,tackle,exploit,fruitful
"If something happens as 'an act of revenge', which word applies?",retaliatory,set off,incur,postulate,retaliatory
What term means 'to receive something unpleasant as a consequence'?,rebound,postulate,incur,subtlety,incur
What is a good word to describe something that's accepted by most people?,mainstream,rebound,fruitful,better suited,mainstream
"If an idea or belief is assumed as true without proof, what is it called?",not bad,postulate,idealized,coupled with,postulate
What term means 'to recover or improve after a decline'?,subtlety,rebound,exploit,stand above the crowd,rebound
"If something 'outperforms others', which phrase fits best?",stand above the crowd,subtlety,postulate,mainstream,stand above the crowd
Which phrase would best describe a 'small amount of success'?,not bad,idealized,tackle,fruitful,not bad
Which phrase would best describe 'better prepared or equipped'?,better suited,go awry,incur,coupled with,better suited
